foto,nome,profissao,email,telefone,perfil,estado
https://cloudflare-ipfs.com/ipfs/Qmd3W5DuhgHirLHGVixi6V76LhCkZUz6pnFt5AJBiyvHye/avatar/55.jpg,Dalton Braga,Executivo,dalton.braga@example.com,+55 (18) 4986-1237,dalton_braga33,Roraima
https://avatars.githubusercontent.com/u/96035983,Dalton Moreira,Gerente,dalton.moreira59@example.org,(54) 26231-4318,dalton_moreira69,Paraíba
https://avatars.githubusercontent.com/u/8775738,Sr. Dalton Moreira,Especialista,dalton_moreira@example.com,+55 (52) 4572-7136,dalton.moreira75,Minas Gerais
https://avatars.githubusercontent.com/u/12275379,Dalton Oliveira,Planejador,dalton.oliveira78@example.net,+55 (24) 8455-5020,dalton_oliveira67,Pará
https://avatars.githubusercontent.com/u/4634708,Sra. Dalton Saraiva,Facilitador,dalton_saraiva85@example.net,+55 (22) 2940-6265,dalton_saraiva,Rio Grande do Sul
https://cloudflare-ipfs.com/ipfs/Qmd3W5DuhgHirLHGVixi6V76LhCkZUz6pnFt5AJBiyvHye/avatar/801.jpg,Dalton Nogueira Filho,Desenvolvedor,dalton_nogueira@example.com,(79) 50892-6174,dalton.nogueira,Pernambuco
https://cloudflare-ipfs.com/ipfs/Qmd3W5DuhgHirLHGVixi6V76LhCkZUz6pnFt5AJBiyvHye/avatar/110.jpg,Dalton Silva,Facilitador,dalton.silva@example.org,(43) 1587-9252,dalton.silva,Minas Gerais
https://avatars.githubusercontent.com/u/54130991,Dalton Martins Filho,Associado,dalton.martins22@example.com,+55 (79) 7586-0909,dalton_martins,Ceará
https://avatars.githubusercontent.com/u/32026410,Dalton Franco,Arquiteto,dalton.franco@example.com,(23) 4054-1890,dalton.franco94,Amapá
https://cloudflare-ipfs.com/ipfs/Qmd3W5DuhgHirLHGVixi6V76LhCkZUz6pnFt5AJBiyvHye/avatar/95.jpg,Dalton Macedo,Atentende,dalton_macedo27@example.org,+55 (18) 6146-7723,dalton_macedo,Amazonas
https://avatars.githubusercontent.com/u/51965249,Ana Oliveira,Analista,ana_oliveira@example.org,(84) 3707-9832,ana_oliveira,Distrito Federal
https://avatars.githubusercontent.com/u/41512775,Ana Xavier,Desenvolvedor,ana.xavier92@example.com,+55 (78) 7529-8087,ana.xavier39,Ceará
https://avatars.githubusercontent.com/u/14416592,Ana Silva,Planejador,ana.silva7@example.com,+55 (14) 7340-3668,ana.silva86,Piauí
https://cloudflare-ipfs.com/ipfs/Qmd3W5DuhgHirLHGVixi6V76LhCkZUz6pnFt5AJBiyvHye/avatar/913.jpg,Dra. Ana Costa,Associado,ana.costa5@example.com,(36) 8483-8637,ana.costa,Goiás
https://cloudflare-ipfs.com/ipfs/Qmd3W5DuhgHirLHGVixi6V76LhCkZUz6pnFt5AJBiyvHye/avatar/362.jpg,Sr. Ana Martins,Atentende,ana_martins@example.net,+55 (39) 1784-0442,ana.martins11,Pará
https://avatars.githubusercontent.com/u/56314586,Ana Barros,Orquestrador,ana_barros@example.org,(42) 40968-7434,ana_barros,Santa Catarina
https://avatars.githubusercontent.com/u/73864411,Ana Oliveira,Policial,ana.oliveira@example.org,+55 (20) 8613-1620,ana.oliveira26,Rondônia
https://cloudflare-ipfs.com/ipfs/Qmd3W5DuhgHirLHGVixi6V76LhCkZUz6pnFt5AJBiyvHye/avatar/1040.jpg,Ana Barros,Atentende,ana_barros@example.org,+55 (46) 1899-0227,ana.barros89,Rondônia
https://cloudflare-ipfs.com/ipfs/Qmd3W5DuhgHirLHGVixi6V76LhCkZUz6pnFt5AJBiyvHye/avatar/1085.jpg,Dr. Ana Nogueira,Representante,ana.nogueira@example.net,(08) 8208-0554,ana_nogueira24,Rio Grande do Norte
https://avatars.githubusercontent.com/u/50161540,Ana Xavier,Engenheiro,ana.xavier@example.net,(44) 62947-2392,ana.xavier93,Mato Grosso
https://cloudflare-ipfs.com/ipfs/Qmd3W5DuhgHirLHGVixi6V76LhCkZUz6pnFt5AJBiyvHye/avatar/749.jpg,Maria Xavier,Arquiteto,maria_xavier@example.net,+55 (78) 9806-8287,maria.xavier,Sergipe
https://avatars.githubusercontent.com/u/35179191,Maria Xavier Neto,Policial,maria_xavier53@example.net,+55 (39) 3596-9110,maria.xavier57,São Paulo
https://avatars.githubusercontent.com/u/88124149,Maria Martins,Coordenador,maria_martins@example.org,+55 (93) 6644-3850,maria.martins96,Amapá
https://cloudflare-ipfs.com/ipfs/Qmd3W5DuhgHirLHGVixi6V76LhCkZUz6pnFt5AJBiyvHye/avatar/933.jpg,Maria Souza,Analista,maria_souza18@example.org,(33) 66649-9827,maria.souza,Bahia
https://cloudflare-ipfs.com/ipfs/Qmd3W5DuhgHirLHGVixi6V76LhCkZUz6pnFt5AJBiyvHye/avatar/136.jpg,Maria Melo,Gerente,maria_melo@example.net,+55 (25) 7542-0843,maria_melo,Rondônia
https://cloudflare-ipfs.com/ipfs/Qmd3W5DuhgHirLHGVixi6V76LhCkZUz6pnFt5AJBiyvHye/avatar/1029.jpg,Maria Oliveira,Administrador,maria.oliveira58@example.net,(15) 21254-0600,maria.oliveira,Roraima
https://avatars.githubusercontent.com/u/64796509,Maria Saraiva,Engenheiro,maria.saraiva@example.com,(55) 3449-0646,maria.saraiva63,Minas Gerais
https://cloudflare-ipfs.com/ipfs/Qmd3W5DuhgHirLHGVixi6V76LhCkZUz6pnFt5AJBiyvHye/avatar/177.jpg,Maria Oliveira,Facilitador,maria.oliveira@example.org,(62) 7943-7631,maria.oliveira23,Maranhão
https://cloudflare-ipfs.com/ipfs/Qmd3W5DuhgHirLHGVixi6V76LhCkZUz6pnFt5AJBiyvHye/avatar/238.jpg,Maria Martins,Produtor,maria_martins76@example.net,+55 (41) 0682-1373,maria_martins1,Espírito Santo
https://cloudflare-ipfs.com/ipfs/Qmd3W5DuhgHirLHGVixi6V76LhCkZUz6pnFt5AJBiyvHye/avatar/283.jpg,Maria Silva,Especialista,maria_silva@example.com,(97) 4244-8465,maria.silva,Paraná
https://cloudflare-ipfs.com/ipfs/Qmd3W5DuhgHirLHGVixi6V76LhCkZUz6pnFt5AJBiyvHye/avatar/666.jpg,JoÃ£o Batista,Diretor,joa4jo.batista@example.com,+55 (21) 1620-4966,joa4jo.batista57,Pernambuco
https://avatars.githubusercontent.com/u/78822858,JoÃ£o Pereira Filho,Associado,joa4jo_pereira16@example.org,+55 (08) 7263-3296,joa4jo.pereira36,Maranhão
https://cloudflare-ipfs.com/ipfs/Qmd3W5DuhgHirLHGVixi6V76LhCkZUz6pnFt5AJBiyvHye/avatar/1197.jpg,JoÃ£o Saraiva,Desenvolvedor,joa4jo_saraiva16@example.net,(36) 36510-9473,joa4jo_saraiva,Mato Grosso
https://avatars.githubusercontent.com/u/46683877,JoÃ£o Melo,Orquestrador,joa4jo_melo46@example.com,+55 (82) 5248-3212,joa4jo_melo28,Acre
https://cloudflare-ipfs.com/ipfs/Qmd3W5DuhgHirLHGVixi6V76LhCkZUz6pnFt5AJBiyvHye/avatar/691.jpg,JoÃ£o Macedo,Técnico,joa4jo.macedo@example.org,(26) 95869-6293,joa4jo.macedo13,Alagoas
https://cloudflare-ipfs.com/ipfs/Qmd3W5DuhgHirLHGVixi6V76LhCkZUz6pnFt5AJBiyvHye/avatar/1123.jpg,JoÃ£o Costa,Administrador,joa4jo.costa@example.org,(36) 34379-5752,joa4jo.costa34,Mato Grosso do Sul
https://avatars.githubusercontent.com/u/39401960,JoÃ£o Martins Jr.,Orquestrador,joa4jo_martins@example.net,(29) 53791-4559,joa4jo_martins68,Rio de Janeiro
https://avatars.githubusercontent.com/u/68709871,Sr. JoÃ£o Moreira,Designer,joa4jo_moreira63@example.net,(48) 18433-2658,joa4jo_moreira,Rio Grande do Sul
https://avatars.githubusercontent.com/u/82923821,JoÃ£o Batista,Orquestrador,joa4jo_batista@example.net,+55 (43) 5538-3961,joa4jo.batista,Ceará
https://cloudflare-ipfs.com/ipfs/Qmd3W5DuhgHirLHGVixi6V76LhCkZUz6pnFt5AJBiyvHye/avatar/1020.jpg,JoÃ£o Costa,Produtor,joa4jo.costa82@example.net,+55 (87) 6752-8501,joa4jo.costa,Amazonas
https://avatars.githubusercontent.com/u/5016256,Leonardo Albuquerque,Administrador,leonardo.albuquerque6@example.org,(17) 4883-8253,leonardo_albuquerque,São Paulo
https://cloudflare-ipfs.com/ipfs/Qmd3W5DuhgHirLHGVixi6V76LhCkZUz6pnFt5AJBiyvHye/avatar/37.jpg,Leonardo Melo,Desenvolvedor,leonardo.melo7@example.org,(56) 9221-4148,leonardo_melo,Piauí
https://cloudflare-ipfs.com/ipfs/Qmd3W5DuhgHirLHGVixi6V76LhCkZUz6pnFt5AJBiyvHye/avatar/603.jpg,Dr. Leonardo Santos,Estrategista,leonardo.santos@example.net,(30) 24911-4438,leonardo.santos,Minas Gerais
https://cloudflare-ipfs.com/ipfs/Qmd3W5DuhgHirLHGVixi6V76LhCkZUz6pnFt5AJBiyvHye/avatar/1146.jpg,Leonardo Saraiva,Especialista,leonardo_saraiva@example.org,(64) 8327-3051,leonardo_saraiva91,Santa Catarina
https://avatars.githubusercontent.com/u/17953850,Leonardo Saraiva,Planejador,leonardo_saraiva@example.net,(38) 5340-5051,leonardo_saraiva29,Piauí
https://cloudflare-ipfs.com/ipfs/Qmd3W5DuhgHirLHGVixi6V76LhCkZUz6pnFt5AJBiyvHye/avatar/10.jpg,Leonardo Santos,Facilitador,leonardo_santos@example.com,(38) 9372-4733,leonardo_santos34,Mato Grosso do Sul
https://cloudflare-ipfs.com/ipfs/Qmd3W5DuhgHirLHGVixi6V76LhCkZUz6pnFt5AJBiyvHye/avatar/208.jpg,Leonardo Albuquerque,Gerente,leonardo_albuquerque25@example.org,(06) 86652-9598,leonardo_albuquerque15,Amazonas
https://cloudflare-ipfs.com/ipfs/Qmd3W5DuhgHirLHGVixi6V76LhCkZUz6pnFt5AJBiyvHye/avatar/261.jpg,Leonardo Oliveira,Assistente,leonardo_oliveira@example.com,(16) 70578-7694,leonardo.oliveira4,Ceará
https://cloudflare-ipfs.com/ipfs/Qmd3W5DuhgHirLHGVixi6V76LhCkZUz6pnFt5AJBiyvHye/avatar/1109.jpg,Leonardo Albuquerque,Facilitador,leonardo.albuquerque@example.org,(94) 1264-5401,leonardo.albuquerque71,Santa Catarina
https://cloudflare-ipfs.com/ipfs/Qmd3W5DuhgHirLHGVixi6V76LhCkZUz6pnFt5AJBiyvHye/avatar/3.jpg,Leonardo Moraes,Engenheiro,leonardo.moraes51@example.com,+55 (87) 7569-7373,leonardo_moraes97,Roraima
https://avatars.githubusercontent.com/u/14828578,Talita Batista,Policial,talita.batista36@example.org,(58) 90651-8540,talita.batista10,Amazonas
https://cloudflare-ipfs.com/ipfs/Qmd3W5DuhgHirLHGVixi6V76LhCkZUz6pnFt5AJBiyvHye/avatar/971.jpg,Dr. Talita Reis,Desenvolvedor,talita.reis73@example.org,(89) 06653-0604,talita_reis,Paraná
https://avatars.githubusercontent.com/u/2292976,Talita Martins,Orquestrador,talita.martins@example.org,(88) 0819-7989,talita_martins21,Pará
https://avatars.githubusercontent.com/u/21216393,Sr. Talita Martins,Consultor,talita.martins@example.com,+55 (26) 7675-7392,talita.martins34,Paraíba
https://cloudflare-ipfs.com/ipfs/Qmd3W5DuhgHirLHGVixi6V76LhCkZUz6pnFt5AJBiyvHye/avatar/109.jpg,Talita Carvalho,Representante,talita.carvalho@example.net,(38) 5177-7038,talita.carvalho,Sergipe
https://cloudflare-ipfs.com/ipfs/Qmd3W5DuhgHirLHGVixi6V76LhCkZUz6pnFt5AJBiyvHye/avatar/16.jpg,Talita Franco Neto,Agente,talita_franco@example.org,+55 (42) 9253-9741,talita.franco,Pernambuco
https://cloudflare-ipfs.com/ipfs/Qmd3W5DuhgHirLHGVixi6V76LhCkZUz6pnFt5AJBiyvHye/avatar/131.jpg,Talita Xavier,Policial,talita.xavier34@example.org,(97) 50169-8538,talita.xavier,Distrito Federal
https://avatars.githubusercontent.com/u/64551276,Talita Saraiva Filho,Atentende,talita.saraiva@example.org,(45) 62302-5763,talita.saraiva,Bahia
https://avatars.githubusercontent.com/u/80289617,Talita Moreira,Agente,talita_moreira55@example.org,(28) 3078-7061,talita.moreira93,Distrito Federal
https://avatars.githubusercontent.com/u/82106,Talita Martins,Representante,talita_martins@example.com,(67) 8273-1302,talita_martins1,Paraná
https://cloudflare-ipfs.com/ipfs/Qmd3W5DuhgHirLHGVixi6V76LhCkZUz6pnFt5AJBiyvHye/avatar/707.jpg,Rafael Martins Neto,Assistente,rafael.martins30@example.net,(49) 9246-4450,rafael.martins,Roraima
https://cloudflare-ipfs.com/ipfs/Qmd3W5DuhgHirLHGVixi6V76LhCkZUz6pnFt5AJBiyvHye/avatar/605.jpg,Rafael Martins,Atentende,rafael_martins14@example.com,(72) 3002-6982,rafael_martins48,Distrito Federal
https://cloudflare-ipfs.com/ipfs/Qmd3W5DuhgHirLHGVixi6V76LhCkZUz6pnFt5AJBiyvHye/avatar/1099.jpg,Rafael Moraes,Executivo,rafael_moraes17@example.net,(70) 04425-1138,rafael_moraes61,Rondônia
https://avatars.githubusercontent.com/u/30298084,Rafael Macedo,Diretor,rafael.macedo36@example.com,+55 (96) 4769-8041,rafael.macedo47,Mato Grosso do Sul
https://avatars.githubusercontent.com/u/56545067,Rafael Braga Filho,Estrategista,rafael_braga@example.com,(41) 78354-5343,rafael.braga49,Maranhão
https://avatars.githubusercontent.com/u/65940864,Rafael Silva,Planejador,rafael_silva41@example.com,(28) 1906-3063,rafael_silva42,Amazonas
https://cloudflare-ipfs.com/ipfs/Qmd3W5DuhgHirLHGVixi6V76LhCkZUz6pnFt5AJBiyvHye/avatar/1156.jpg,Rafael Xavier,Policial,rafael.xavier@example.com,+55 (42) 0133-1902,rafael.xavier,Alagoas
https://cloudflare-ipfs.com/ipfs/Qmd3W5DuhgHirLHGVixi6V76LhCkZUz6pnFt5AJBiyvHye/avatar/1011.jpg,Rafael Albuquerque,Consultor,rafael_albuquerque3@example.org,(32) 82128-2775,rafael_albuquerque,Alagoas
https://cloudflare-ipfs.com/ipfs/Qmd3W5DuhgHirLHGVixi6V76LhCkZUz6pnFt5AJBiyvHye/avatar/668.jpg,Rafael Moreira,Designer,rafael.moreira@example.com,(86) 70401-2527,rafael.moreira29,Rio Grande do Sul
https://cloudflare-ipfs.com/ipfs/Qmd3W5DuhgHirLHGVixi6V76LhCkZUz6pnFt5AJBiyvHye/avatar/759.jpg,Sra. Rafael Franco,Executivo,rafael_franco13@example.com,(44) 5014-2481,rafael.franco,Distrito Federal
